OldNumber,NewNumber,File Name
1,2,1 - Medium Task - Secure AWS IAM Access Keys
2,7,2 - Automate Kubernetes Cluster Patching
3,9,3 - Configure Application Performance Monitoring (APM)
4,10,4 - Critical Task - Implement Centralized Log Aggregation
5,1,5 - DevOps Task - Refactor CICD Pipeline for Speed
6,3,6 - IAC Task - Define Infrastructure as Code (IaC) Standards
7,5,7 - First Task - Conduct Production Readiness Review (PRR)
8,11,8 - DR Task - Establish Automated Disaster Recovery Failover
9,4,9 - RFT Task - RFT Release
10,6,10 - UAT Task - UAT Testing
11,8,11 - RFP Task - RFP Release
