{
    "$schema": "https://schema.management.azure.com/schemas/2019-04-01/deploymentTemplate.json#",
    "contentVersion": "1.0.0.0",
    "parameters": {
        "rgLocation": {
            "type": "string",
            "defaultValue": "eastus"
        },
        "rgName": {
            "type": "string",
            "defaultValue": "myResourceGroup"
        },
        "tags": {
            "type": "object",
            "defaultValue": {
                "Environment": "Dev",
                "Project": "Tutorial"
            }
        }
    },
    "resources": [
        {
            "type": "Microsoft.Resources/resourceGroups",
            "apiVersion": "2018-05-01",
            "location": "[parameters('rgLocation')]",
            "name": "[parameters('rgName')]",
            "tags": "[parameters('tags')]"
        }
    ]
}