[
    {
        "id": "desk1",
        "name": "Desk 1",
        "ipAddress": "192.168.1.101",
        "status": "on"
    },
    {
        "id": "desk2",
        "name": "Desk 2",
        "ipAddress": "192.168.1.102",
        "status": "off"
    },
    {
        "id": "desk3",
        "name": "Desk 3",
        "ipAddress": "192.168.1.103",
        "status": "unknown"
    },
    {
        "id": "desk4",
        "name": "Desk 4",
        "ipAddress": "192.168.1.104",
        "status": "unknown"
    },
    {
        "id": "desk5",
        "name": "Desk 5",
        "ipAddress": "192.168.1.105",
        "status": "off"
    },
    {
        "id": "desk6",
        "name": "Desk 6",
        "ipAddress": "192.168.1.106",
        "status": "on"
    },
    {
        "id": "desk7",
        "name": "Desk 7",
        "ipAddress": "192.168.1.107",
        "status": "off"
    }

]
