{
    "$schema": "https://schema.management.azure.com/schemas/2019-04-01/deploymentTemplate.json#",
    "contentVersion": "1.0.0.0",
    "parameters": {
        "Action_Group_Name": {
            "defaultValue": "Action_Group01",
            "type": "string"
        },
        "Action_Group_ShortName": {
            "defaultValue": "actiongroup",
            "type": "string"
        },
        "Email_Address": {
            "defaultValue": "test@example.com",
            "type": "string"
        },
        "Quota_Alert_Name": {
            "defaultValue": "Quota_Alert01",
            "type": "string"
        },
        "User_Managed_Identity": {
            "defaultValue": "/subscriptions/9exxxxxx-xxxx-xxxx-xxxx-xxxxxxxxxxxx/resourceGroups/vcloud-lab.com/providers/Microsoft.ManagedIdentity/userAssignedIdentities/dev",
            "type": "string"
        },
        "Scopes": {
            "defaultValue": "/subscriptions/9exxxxxx-xxxx-xxxx-xxxx-xxxxxxxxxxxx",
            "type": "string"
        },
        "Dimensions_Type": {
            "defaultValue": "microsoft.compute/locations/usages",
            "type": "string"
        },
        "Dimensions_Location": {
            "defaultValue": "eastus",
            "type": "string"
        },
        "Dimensions_Quota_Name": {
            "defaultValue": "cores",
            "type": "string"
        }
    },
    "variables": {},
    "resources": [
        {
            "type": "microsoft.insights/actionGroups",
            "apiVersion": "2023-09-01-preview",
            "name": "[parameters('Action_Group_Name')]",
            "location": "Global",
            "properties": {
                "groupShortName": "[parameters('Action_Group_ShortName')]",
                "enabled": true,
                "emailReceivers": [
                    {
                        "name": "EmailAction",
                        "emailAddress": "[parameters('Email_Address')]",
                        "useCommonAlertSchema": true
                    }
                ],
                "smsReceivers": [],
                "webhookReceivers": [],
                "eventHubReceivers": [],
                "itsmReceivers": [],
                "azureAppPushReceivers": [],
                "automationRunbookReceivers": [],
                "voiceReceivers": [],
                "logicAppReceivers": [],
                "azureFunctionReceivers": [],
                "armRoleReceivers": [
                    {
                        "name": "EmailARMRole",
                        "roleId": "8e3af657-a8ff-443c-a75c-2fe8c4bcb635",
                        "useCommonAlertSchema": true
                    }
                ]
            }
        },
        {
            "type": "microsoft.insights/scheduledqueryrules",
            "apiVersion": "2023-03-15-preview",
            "name": "[parameters('Quota_Alert_Name')]",
            "location": "[parameters('Dimensions_Location')]",
            "identity": {
                "type": "UserAssigned",
                "userAssignedIdentities": {
                    "[parameters('User_Managed_Identity')]": {}
                }
            },
            "properties": {
                "severity": 4,
                "enabled": true,
                "evaluationFrequency": "PT15M",
                "scopes": [
                    "[parameters('Scopes')]"
                ],
                "windowSize": "PT15M",
                "criteria": {
                    "allOf": [
                        {
                            "query": "arg(\"\").QuotaResources \n| where subscriptionId =~ '9exxxxxx-xxxx-xxxx-xxxx-xxxxxxxxxxxx'\n| where type =~ 'microsoft.compute/locations/usages'\n| where isnotempty(properties)\n| mv-expand propertyJson = properties.value limit 400\n| extend\n    usage = propertyJson.currentValue,\n    quota = propertyJson.['limit'],\n    quotaName = tostring(propertyJson.['name'].value)\n| extend usagePercent = toint(usage)*100 / toint(quota)| project-away properties| where location in~ ('eastus')| where quotaName in~ ('cores')",
                            "timeAggregation": "Maximum",
                            "metricMeasureColumn": "usagePercent",
                            "dimensions": [
                                {
                                    "name": "type",
                                    "operator": "Include",
                                    "values": [
                                        "[parameters('Dimensions_Type')]"
                                    ]
                                },
                                {
                                    "name": "location",
                                    "operator": "Include",
                                    "values": [
                                        "[parameters('Dimensions_Location')]"
                                    ]
                                },
                                {
                                    "name": "quotaName",
                                    "operator": "Include",
                                    "values": [
                                        "[parameters('Dimensions_Quota_Name')]"
                                    ]
                                }
                            ],
                            "operator": "GreaterThanOrEqual",
                            "threshold": 80,
                            "failingPeriods": {
                                "numberOfEvaluationPeriods": 1,
                                "minFailingPeriodsToAlert": 1
                            }
                        }
                    ]
                },
                "actions": {
                    "actionGroups": [
                        "[resourceId('microsoft.insights/actionGroups', parameters('Action_Group_Name'))]"
                    ]
                }
            }
        }
    ]
}
