{
    "$schema": "https://schema.management.azure.com/schemas/2019-04-01/deploymentTemplate.json#",
    "contentVersion": "1.0.0.0",
    "parameters": {
        "Action_Group_Name": {
            "value": "Action_Group01"
        },
        "Action_Group_ShortName": {
            "value": "actiongroup"
        },
        "Email_Address": {
            "value": "test@example.com"
        },
        "Quota_Alert_Name": {
            "value": "Quota_Alert01"
        },
        "User_Managed_Identity": {
            "value": "/subscriptions/9exxxxxx-xxxx-xxxx-xxxx-xxxxxxxxxxxx/resourceGroups/vcloud-lab.com/providers/Microsoft.ManagedIdentity/userAssignedIdentities/dev"
        },
        "Scopes": {
            "value": "/subscriptions/9exxxxxx-xxxx-xxxx-xxxx-xxxxxxxxxxxx"
        },
        "Dimensions_Type": {
            "value": "microsoft.compute/locations/usages"
        },
        "Dimensions_Location": {
            "value": "eastus"
        },
        "Dimensions_Quota_Name": {
            "value": "cores"
        }
    }
}